{
  "min": [
    -0.33238622546195984,
    0.0,
    -0.33265307545661926
  ],
  "max": [
    0.33289870619773865,
    0.8134918808937073,
    0.4252287447452545
  ],
  "center": [
    0.0002562403678894043,
    0.40674594044685364,
    0.04628783464431763
  ],
  "size": [
    0.6652849316596985,
    0.8134918808937073,
    0.7578818202018738
  ]
}