{
  "min": [
    -0.5059444308280945,
    0.0,
    -0.5140302777290344
  ],
  "max": [
    0.5138017535209656,
    0.7791861295700073,
    0.5057402849197388
  ],
  "center": [
    0.003928661346435547,
    0.38959306478500366,
    -0.004144996404647827
  ],
  "size": [
    1.01974618434906,
    0.7791861295700073,
    1.0197705626487732
  ]
}