{
  "min": [
    -0.5138498544692993,
    0.0,
    -0.5091953277587891
  ],
  "max": [
    0.48969852924346924,
    0.2163429856300354,
    0.47914984822273254
  ],
  "center": [
    -0.012075662612915039,
    0.1081714928150177,
    -0.01502273976802826
  ],
  "size": [
    1.0035483837127686,
    0.2163429856300354,
    0.9883451759815216
  ]
}