{
  "min": [
    -0.33847957849502563,
    0.0,
    -0.32208487391471863
  ],
  "max": [
    0.35376179218292236,
    1.0847108364105225,
    0.368360310792923
  ],
  "center": [
    0.007641106843948364,
    0.5423554182052612,
    0.023137718439102173
  ],
  "size": [
    0.692241370677948,
    1.0847108364105225,
    0.6904451847076416
  ]
}