{
  "min": [
    -0.4389371871948242,
    0.0,
    -0.22893311083316803
  ],
  "max": [
    0.45274603366851807,
    0.7622236013412476,
    0.26217198371887207
  ],
  "center": [
    0.006904423236846924,
    0.3811118006706238,
    0.01661943644285202
  ],
  "size": [
    0.8916832208633423,
    0.7622236013412476,
    0.4911050945520401
  ]
}