{
  "min": [
    -0.25241994857788086,
    0.0,
    -0.21490353345870972
  ],
  "max": [
    0.236154705286026,
    1.044790506362915,
    0.24717023968696594
  ],
  "center": [
    -0.00813262164592743,
    0.5223952531814575,
    0.016133353114128113
  ],
  "size": [
    0.48857465386390686,
    1.044790506362915,
    0.46207377314567566
  ]
}