{
  "min": [
    -0.31200700998306274,
    0.0,
    -0.3064790964126587
  ],
  "max": [
    0.3058714270591736,
    1.0660513639450073,
    0.32648077607154846
  ],
  "center": [
    -0.00306779146194458,
    0.5330256819725037,
    0.010000839829444885
  ],
  "size": [
    0.6178784370422363,
    1.0660513639450073,
    0.6329598724842072
  ]
}