{
  "min": [
    -0.5392774939537048,
    0.0,
    -0.19015692174434662
  ],
  "max": [
    0.6203915476799011,
    0.41628316044807434,
    0.19079917669296265
  ],
  "center": [
    0.040557026863098145,
    0.20814158022403717,
    0.0003211274743080139
  ],
  "size": [
    1.159669041633606,
    0.41628316044807434,
    0.38095609843730927
  ]
}