{
  "min": [
    -0.12826892733573914,
    0.0,
    -0.11970199644565582
  ],
  "max": [
    0.1347809135913849,
    1.148775339126587,
    0.13443301618099213
  ],
  "center": [
    0.003255993127822876,
    0.5743876695632935,
    0.007365509867668152
  ],
  "size": [
    0.263049840927124,
    1.148775339126587,
    0.25413501262664795
  ]
}