{
  "min": [
    -0.28982144594192505,
    0.0,
    -0.22398608922958374
  ],
  "max": [
    0.29488182067871094,
    1.0244693756103516,
    0.35930973291397095
  ],
  "center": [
    0.0025301873683929443,
    0.5122346878051758,
    0.0676618218421936
  ],
  "size": [
    0.584703266620636,
    1.0244693756103516,
    0.5832958221435547
  ]
}