{
  "min": [
    -0.21467016637325287,
    0.0,
    -0.38126105070114136
  ],
  "max": [
    0.19174672663211823,
    0.8843283653259277,
    0.4168037176132202
  ],
  "center": [
    -0.011461719870567322,
    0.44216418266296387,
    0.01777133345603943
  ],
  "size": [
    0.4064168930053711,
    0.8843283653259277,
    0.7980647683143616
  ]
}