{
  "min": [
    -0.2434195876121521,
    0.0,
    -0.5420913100242615
  ],
  "max": [
    0.2695387601852417,
    0.4830871820449829,
    0.5240259170532227
  ],
  "center": [
    0.0130595862865448,
    0.24154359102249146,
    -0.00903269648551941
  ],
  "size": [
    0.5129583477973938,
    0.4830871820449829,
    1.0661172270774841
  ]
}