{
  "min": [
    -0.31720587611198425,
    0.0,
    -0.44304415583610535
  ],
  "max": [
    0.3083639442920685,
    0.811669647693634,
    0.4292562007904053
  ],
  "center": [
    -0.004420965909957886,
    0.405834823846817,
    -0.006893977522850037
  ],
  "size": [
    0.6255698204040527,
    0.811669647693634,
    0.8723003566265106
  ]
}