{
  "min": [
    -0.405671089887619,
    0.0,
    -0.31996244192123413
  ],
  "max": [
    0.4037366807460785,
    0.9850547313690186,
    0.307986855506897
  ],
  "center": [
    -0.0009672045707702637,
    0.4925273656845093,
    -0.005987793207168579
  ],
  "size": [
    0.8094077706336975,
    0.9850547313690186,
    0.6279492974281311
  ]
}