{
  "min": [
    -0.43138787150382996,
    0.0,
    -0.3287925124168396
  ],
  "max": [
    0.44469961524009705,
    0.614894449710846,
    0.3058817386627197
  ],
  "center": [
    0.006655871868133545,
    0.307447224855423,
    -0.011455386877059937
  ],
  "size": [
    0.876087486743927,
    0.614894449710846,
    0.6346742510795593
  ]
}