{
  "min": [
    -0.14331524074077606,
    0.0,
    -0.1978834867477417
  ],
  "max": [
    0.1502743810415268,
    1.1460471153259277,
    0.15621839463710785
  ],
  "center": [
    0.003479570150375366,
    0.5730235576629639,
    -0.020832546055316925
  ],
  "size": [
    0.29358962178230286,
    1.1460471153259277,
    0.35410188138484955
  ]
}